Area,Element,mean,std,min,max,Cluster
Afghanistan,Standard Deviation,1.184,0.4894412903495464,0.548,2.597,2
Afghanistan,Temperature change,0.386340206185567,1.1974452134874998,-3.087,3.895,7
Africa,Standard Deviation,0.33907407407407403,0.07494006373989985,0.238,0.488,0
Africa,Temperature change,0.40954285714285715,0.5624419804021401,-1.202,1.585,3
Albania,Standard Deviation,1.1191145833333334,0.33227892119317204,0.425,1.939,4
Albania,Temperature change,0.23019318181818182,1.4914763330026395,-4.319,4.308,7
Algeria,Standard Deviation,0.86,0.31393004869189906,0.394,1.362,4
Algeria,Temperature change,0.9427045454545454,1.102111194080267,-1.769,3.247,1
American Samoa,Standard Deviation,0.36555913978494625,0.06974619552747183,0.224,0.498,0
American Samoa,Temperature change,0.48610344827586205,0.7352220995628772,-2.114,2.606,8
Americas,Standard Deviation,0.3990404040404041,0.1329652340008331,0.202,0.823,0
Americas,Temperature change,0.505906976744186,0.6602505340516266,-0.704,2.727,3
Andorra,Standard Deviation,1.184625,0.4460569122739181,0.415,2.295,2
Andorra,Temperature change,0.8304895833333333,1.3870856232425381,-2.355,5.696,1
Angola,Standard Deviation,0.3398617021276596,0.08033874533108346,0.199,0.464,0
Angola,Temperature change,0.3446521739130435,0.6222433790266273,-1.006,1.873,3
Anguilla,Standard Deviation,0.3818086956521739,0.09899511733947125,0.241,0.554,0
Anguilla,Temperature change,0.193796875,0.4516096907131899,-0.934,1.374,3
Annex I countries,Standard Deviation,0.5271847826086956,0.2190303270359853,0.28,1.012,0
Annex I countries,Temperature change,0.6444587155963303,0.7734021345365827,-1.907,3.325,8
Antarctica,Standard Deviation,1.4021160714285714,0.41930785408353494,0.473,2.216,2
Antarctica,Temperature change,0.16903669724770642,1.4626495803633688,-3.156,4.367,7
Antigua and Barbuda,Standard Deviation,0.3753827160493827,0.10500173425963433,0.248,0.58,0
Antigua and Barbuda,Temperature change,0.36083838383838385,0.4805516113433689,-0.965,1.669,3
Argentina,Standard Deviation,0.8380618556701032,0.27393851250603773,0.308,1.424,4
Argentina,Temperature change,0.20777319587628865,0.9676812330811156,-2.256,2.48,8
Armenia,Temperature change,1.0579245283018868,1.6129762248361854,-4.511,4.043,9
Aruba,Standard Deviation,0.5283448275862069,0.11223478584274844,0.349,0.705,0
Aruba,Temperature change,0.4822637362637363,0.6152410879785228,-0.925,2.547,3
Asia,Standard Deviation,0.41641904761904763,0.24700910061685136,0.171,1.093,0
Asia,Temperature change,0.5748928571428572,0.7746970028426761,-1.18,2.413,8
Australia,Standard Deviation,0.5919882352941177,0.13770780782560751,0.349,0.84,0
Australia,Temperature change,0.4154205607476636,0.7175700089095662,-1.363,2.078,3
Australia and New Zealand,Standard Deviation,0.5787256637168142,0.1423543897529037,0.325,0.833,0
Australia and New Zealand,Temperature change,0.49736559139784947,0.7633981208891545,-1.346,2.711,8
Austria,Standard Deviation,1.362967741935484,0.5432722004029981,0.53,2.924,2
Austria,Temperature change,0.5081979166666667,1.5817713496336725,-3.184,4.192,7
Azerbaijan,Temperature change,1.232675,1.3406123818365,-2.623,3.18,1
Bahamas,Standard Deviation,0.534949494949495,0.282102976340106,0.201,1.118,0
Bahamas,Temperature change,0.26843181818181816,0.7805871176053117,-2.191,3.143,8
Bahrain,Standard Deviation,0.7857551020408163,0.30074779862164036,0.388,1.346,4
Bahrain,Temperature change,0.7597959183673468,1.3517771423046756,-2.61,3.833,1
Bangladesh,Standard Deviation,0.5432222222222222,0.19834573790740181,0.235,0.899,0
Bangladesh,Temperature change,0.25672222222222224,0.6420732166788489,-1.854,1.898,3
Barbados,Standard Deviation,0.4230224719101124,0.12550841854488648,0.22,0.601,0
Barbados,Temperature change,0.3444631578947368,0.5547119591921312,-1.359,1.833,3
Belarus,Temperature change,1.2733389830508475,1.7340320624066097,-2.162,5.726,5
Belgium,Temperature change,0.9174444444444444,1.2719987071971068,-1.743,3.276,1
Belgium-Luxembourg,Standard Deviation,1.3360481927710843,0.49313986299872514,0.585,2.905,2
Belgium-Luxembourg,Temperature change,0.06628125,1.7799662335726287,-4.486,3.914,7
Belize,Standard Deviation,0.6057173913043478,0.21701057482143285,0.313,1.032,0
Belize,Temperature change,0.4034684684684685,0.8982405409751164,-1.279,3.494,8
Benin,Standard Deviation,0.43093,0.11462765853409945,0.238,0.707,0
Benin,Temperature change,0.5185514018691588,0.6470664460010803,-1.077,2.063,3
Bhutan,Standard Deviation,0.5347882352941177,0.18613909891706865,0.246,0.868,0
Bhutan,Temperature change,0.4442429906542056,0.8138017101342234,-1.478,2.391,8
Bolivia (Plurinational State of),Standard Deviation,0.6337439024390243,0.2368627154070793,0.327,1.023,0
Bolivia (Plurinational State of),Temperature change,0.5228571428571428,0.6564030193482687,-1.555,2.002,3
Bosnia and Herzegovina,Temperature change,0.6316896551724137,1.2161348639806207,-3.385,2.423,8
Botswana,Standard Deviation,0.7918,0.182475735207161,0.385,1.039,4
Botswana,Temperature change,0.210621359223301,0.8968939224717501,-2.541,2.805,8
Brazil,Standard Deviation,0.3458556701030928,0.07952803353885159,0.221,0.499,0
Brazil,Temperature change,0.5971538461538461,0.6126326966094015,-0.813,2.299,3
British Virgin Islands,Standard Deviation,0.37875193798449613,0.09109919310562593,0.249,0.566,0
British Virgin Islands,Temperature change,0.2923448275862069,0.4928638858182503,-0.914,1.491,3
Brunei Darussalam,Standard Deviation,0.3356857142857143,0.1107424519294234,0.188,0.594,0
Brunei Darussalam,Temperature change,0.36782954545454544,0.4252617104036328,-0.523,1.902,3
Bulgaria,Standard Deviation,1.3225483870967742,0.5689236694451894,0.571,2.776,2
Bulgaria,Temperature change,0.340140350877193,1.414230726048261,-4.531,3.576,7
Burkina Faso,Standard Deviation,0.5727614678899082,0.1796869138809156,0.329,0.984,0
Burkina Faso,Temperature change,0.5324059405940594,0.741176513095468,-1.736,2.509,8
Burundi,Standard Deviation,0.397671875,0.06977993860236055,0.259,0.497,0
Burundi,Temperature change,0.2698695652173913,0.6030622568837725,-0.726,2.473,3
Cabo Verde,Standard Deviation,0.5913095238095238,0.1491978532897727,0.413,0.858,0
Cabo Verde,Temperature change,0.7315463917525773,0.769245843080234,-0.846,2.622,8
Cambodia,Standard Deviation,0.5229175257731958,0.24033373801268046,0.173,1.046,0
Cambodia,Temperature change,0.41568595041322315,0.5874072129998894,-0.745,2.442,3
Cameroon,Standard Deviation,0.31185393258426963,0.08291391353821549,0.212,0.489,0
Cameroon,Temperature change,0.3749677419354839,0.5845249548660435,-1.131,2.002,3
Canada,Standard Deviation,1.1795555555555555,0.6060490183957173,0.46,2.309,2
Canada,Temperature change,0.5307623762376238,1.6040945554954973,-6.319,4.942,9
Caribbean,Standard Deviation,0.3885154639175258,0.13757968247241165,0.188,0.59,0
Caribbean,Temperature change,0.519242105263158,0.5954536392584726,-1.241,1.764,3
Cayman Islands,Standard Deviation,0.5876279069767442,0.2209624959666301,0.265,1.036,0
Cayman Islands,Temperature change,0.5452676056338028,0.5283248718556868,-0.763,1.786,3
Central African Republic,Standard Deviation,0.3820476190476191,0.14425787413200103,0.225,0.665,0
Central African Republic,Temperature change,0.41440869565217386,0.6769684085978547,-0.954,2.18,3
Central America,Standard Deviation,0.4081588785046729,0.10175944159362985,0.23,0.643,0
Central America,Temperature change,0.28449107142857144,0.5593129955101968,-1.532,1.939,3
Central Asia,Temperature change,1.4291428571428573,1.7161986943047516,-3.209,6.267,5
Chad,Standard Deviation,0.6577345132743363,0.2704875564110085,0.28,1.206,4
Chad,Temperature change,0.48,0.8957916682305586,-1.859,3.225,8
Channel Islands,Standard Deviation,1.0844883720930234,0.37542426961524783,0.485,1.894,4
Channel Islands,Temperature change,0.5178235294117647,1.2373181667532078,-4.283,3.252,7
Chile,Standard Deviation,0.48435185185185187,0.11781835494902199,0.261,0.661,0
Chile,Temperature change,0.1602095238095238,0.5206869296943978,-1.322,1.586,3
China,Standard Deviation,0.7088727272727272,0.39361845515702154,0.251,1.553,4
China,Temperature change,0.5983404255319149,1.0033210611172962,-1.908,3.593,8
"China, Hong Kong SAR",Standard Deviation,0.9265686274509805,0.45543784851228974,0.341,2.049,4
"China, Hong Kong SAR",Temperature change,0.32146788990825687,0.8977996102489122,-1.757,2.774,8
"China, Macao SAR",Standard Deviation,0.8437415730337079,0.40032261217700993,0.341,2.049,4
"China, Macao SAR",Temperature change,0.4258425925925926,1.0838196746419029,-3.265,3.939,7
"China, Taiwan Province of",Standard Deviation,0.7404767441860465,0.28169235311904645,0.331,1.353,4
"China, Taiwan Province of",Temperature change,0.31824770642201833,0.7100566768714248,-1.985,1.891,3
"China, mainland",Standard Deviation,0.663563829787234,0.36477185559557274,0.283,1.501,4
"China, mainland",Temperature change,0.46609375,0.8053850217279213,-1.588,2.728,8
Christmas Island,Temperature change,0.43858823529411767,0.5282006695586559,-0.675,1.991,3
Cocos (Keeling) Islands,Standard Deviation,0.4239158878504673,0.07373769439969986,0.295,0.535,0
Cocos (Keeling) Islands,Temperature change,0.2110108695652174,0.5420492555893327,-1.068,1.532,3
Colombia,Standard Deviation,0.3607065217391305,0.08596556147200649,0.258,0.573,0
Colombia,Temperature change,0.2998990825688073,0.4555057414150929,-0.735,1.534,3
Comoros,Standard Deviation,0.3607291666666667,0.05194419660947225,0.256,0.452,0
Comoros,Temperature change,0.41528571428571426,0.5791658615958776,-0.763,1.571,3
Congo,Standard Deviation,0.28158878504672896,0.06929645819463849,0.187,0.397,0
Congo,Temperature change,0.3664494382022472,0.568077179680318,-0.979,1.709,3
Cook Islands,Standard Deviation,0.3542777777777778,0.059497904368302976,0.227,0.448,0
Cook Islands,Temperature change,0.3581590909090909,0.5287228352058662,-0.908,1.495,3
Costa Rica,Temperature change,0.3290632911392405,0.6096234512821274,-0.75,1.656,3
Croatia,Temperature change,1.1663214285714285,1.5978711076377146,-3.421,3.886,5
Cuba,Standard Deviation,0.527453781512605,0.27209378828890873,0.209,1.081,0
Cuba,Temperature change,0.46738461538461534,0.6702049975394025,-1.397,2.132,3
Cyprus,Standard Deviation,0.8833826086956522,0.29591951794093985,0.438,1.447,4
Cyprus,Temperature change,0.19941666666666666,1.124954554637653,-2.442,2.7,8
Czechia,Temperature change,1.4993529411764706,1.4075221055878167,-1.176,4.98,5
Czechoslovakia,Standard Deviation,1.5181607142857143,0.6815830977627337,0.604,3.13,2
Czechoslovakia,Temperature change,0.2662075471698113,1.6864849922761587,-4.49,4.588,7
Côte d'Ivoire,Standard Deviation,0.3537924528301887,0.07711373381245233,0.235,0.594,0
Côte d'Ivoire,Temperature change,0.5455353535353535,0.532032765469658,-0.53,1.851,3
Democratic People's Republic of Korea,Standard Deviation,1.1805585585585585,0.5714656863107622,0.497,2.428,2
Democratic People's Republic of Korea,Temperature change,0.4780693069306931,1.1726698107943747,-2.606,3.446,8
Democratic Republic of the Congo,Standard Deviation,0.27876404494382023,0.0624121241266307,0.191,0.423,0
Democratic Republic of the Congo,Temperature change,0.34983333333333333,0.5284781249153613,-1.085,1.49,3
Denmark,Standard Deviation,1.2832735849056602,0.5017930237898578,0.692,2.55,2
Denmark,Temperature change,0.6403963963963965,1.5117358191483015,-3.809,4.937,9
Djibouti,Standard Deviation,0.48153488372093023,0.11690435484007665,0.293,0.762,0
Djibouti,Temperature change,0.63101,0.7669277486283578,-1.327,2.685,8
Dominica,Standard Deviation,0.36557954545454546,0.09573739484759758,0.268,0.571,0
Dominica,Temperature change,0.23244339622641508,0.5239292042358518,-1.09,1.63,3
Dominican Republic,Standard Deviation,0.4327708333333333,0.11203086784845144,0.249,0.567,0
Dominican Republic,Temperature change,0.5370202020202021,0.6882729195839482,-1.042,1.923,3
Eastern Africa,Standard Deviation,0.345125,0.047695612784335206,0.252,0.451,0
Eastern Africa,Temperature change,0.46777647058823535,0.5113524405802665,-0.463,1.71,3
Eastern Asia,Standard Deviation,0.7186504854368932,0.41328266708928013,0.268,1.725,4
Eastern Asia,Temperature change,0.47856043956043953,0.9180732869413859,-2.273,3.186,8
Eastern Europe,Standard Deviation,0.9916315789473684,0.5005192846547576,0.391,1.94,4
Eastern Europe,Temperature change,0.7276179775280899,1.5176848135596204,-2.428,6.717,9
Ecuador,Standard Deviation,0.5646451612903226,0.14997569695593804,0.388,0.82,0
Ecuador,Temperature change,0.47964,0.5739384495208384,-0.678,2.023,3
Egypt,Standard Deviation,0.8654134615384615,0.2845798678337084,0.364,1.295,4
Egypt,Temperature change,0.4402087912087912,0.9275640680655437,-2.16,2.808,8
El Salvador,Standard Deviation,0.48094166666666666,0.11114343037195645,0.319,0.639,0
El Salvador,Temperature change,0.3189047619047619,0.5244862459071027,-1.192,1.627,3
Equatorial Guinea,Standard Deviation,0.2871875,0.06633127586512065,0.198,0.447,0
Equatorial Guinea,Temperature change,0.4612674418604651,0.5541111891906895,-0.482,1.82,3
Eritrea,Temperature change,1.2237368421052632,0.8545322628992449,-0.867,3.435,2
Estonia,Temperature change,1.5566666666666666,2.019908894102947,-4.04,6.842,5
Eswatini,Standard Deviation,0.6724095238095238,0.15732845940640916,0.312,0.875,0
Eswatini,Temperature change,0.49536206896551727,0.8204420271658623,-1.562,2.796,8
Ethiopia,Temperature change,1.050153846153846,0.4275403051767251,-0.156,1.922,4
Ethiopia PDR,Standard Deviation,0.41780645161290325,0.09588480771809976,0.275,0.609,0
Ethiopia PDR,Temperature change,0.14550000000000002,0.5023977254887518,-1.331,1.307,3
Europe,Standard Deviation,0.749072072072072,0.37389385250390633,0.355,1.686,4
Europe,Temperature change,0.7329905660377358,1.42429054349564,-3.123,6.372,9
European Union,Standard Deviation,0.9144479166666667,0.3709285892343748,0.377,1.619,4
European Union,Temperature change,0.5104516129032258,1.202795724426412,-3.786,2.848,7
Falkland Islands (Malvinas),Standard Deviation,0.6635405405405406,0.18671258283412123,0.315,1.042,4
Falkland Islands (Malvinas),Temperature change,-0.04944827586206897,0.6833075330545274,-1.723,1.11,3
Faroe Islands,Standard Deviation,0.9555686274509805,0.32191652290444733,0.468,1.526,4
Faroe Islands,Temperature change,0.49284042553191487,0.9483462606960397,-2.462,2.757,8
Fiji,Standard Deviation,0.4021487603305785,0.0892278601070526,0.205,0.577,0
Fiji,Temperature change,0.46096296296296296,0.5716613095365518,-1.036,1.829,3
Finland,Standard Deviation,1.9698429752066116,0.8876976400429037,0.942,3.566,2
Finland,Temperature change,0.39448936170212767,2.269898807581475,-4.757,8.577,6
France,Standard Deviation,1.1396774193548387,0.4121137496332124,0.427,2.403,2
France,Temperature change,0.633078947368421,1.5728932427231648,-4.479,4.709,9
French Guiana,Standard Deviation,0.30645283018867925,0.04645328059058943,0.226,0.385,0
French Guiana,Temperature change,0.46190909090909094,0.6654473798212784,-0.648,1.897,3
French Polynesia,Standard Deviation,0.3516195652173913,0.05754727485958768,0.274,0.442,0
French Polynesia,Temperature change,0.31049450549450547,0.382272252418973,-0.636,1.118,3
French Southern and Antarctic Territories,Standard Deviation,0.6450967741935484,0.13497141923837133,0.373,0.858,0
French Southern and Antarctic Territories,Temperature change,0.2812352941176471,0.6279495097814264,-1.38,1.765,3
Gabon,Standard Deviation,0.29895145631067965,0.07792358985378883,0.195,0.441,0
Gabon,Temperature change,0.2902056074766355,0.5420645846488439,-0.949,1.572,3
Gambia,Standard Deviation,0.5422448979591836,0.1137949921193054,0.382,0.812,0
Gambia,Temperature change,0.8512626262626263,0.8196877527182517,-1.902,3.314,1
Georgia,Temperature change,1.051590909090909,1.289581008541089,-1.805,3.645,1
Germany,Standard Deviation,1.3834423076923075,0.5952785890497242,0.614,2.957,2
Germany,Temperature change,0.5220103092783505,1.509424590247095,-4.914,4.279,7
Ghana,Standard Deviation,0.36693939393939395,0.07949956531818829,0.235,0.571,0
Ghana,Temperature change,0.44695348837209303,0.5801597529885092,-1.437,1.63,3
Gibraltar,Standard Deviation,0.8974761904761904,0.23958518218748326,0.41,1.26,4
Gibraltar,Temperature change,0.415495652173913,1.0789641424046335,-2.089,3.022,8
Greece,Standard Deviation,0.9267352941176471,0.2855540706360939,0.425,1.603,4
Greece,Temperature change,0.35969,1.0125074953706847,-1.826,4.287,8
Greenland,Standard Deviation,1.2278653846153846,0.5725278313104905,0.544,2.212,2
Greenland,Temperature change,0.5593809523809524,1.6496855375224155,-3.278,5.956,9
Grenada,Standard Deviation,0.39519230769230773,0.08422716358684405,0.283,0.577,0
Grenada,Temperature change,0.37720202020202026,0.5183478656190218,-0.84,1.713,3
Guadeloupe,Standard Deviation,0.3650813953488372,0.10376650429931947,0.245,0.555,0
Guadeloupe,Temperature change,0.26815596330275226,0.49749368457394666,-0.93,1.417,3
Guatemala,Standard Deviation,0.4843125,0.1564707009735621,0.241,0.706,0
Guatemala,Temperature change,0.4216951219512195,0.6204281215821741,-1.528,2.036,3
Guinea,Standard Deviation,0.40382407407407406,0.11640332948828,0.254,0.783,0
Guinea,Temperature change,0.6060902255639098,0.6110726096151903,-0.809,2.181,3
Guinea-Bissau,Standard Deviation,0.4520526315789474,0.07452592986152216,0.323,0.67,0
Guinea-Bissau,Temperature change,0.9262197802197802,0.832310182593509,-0.759,3.299,1
Guyana,Standard Deviation,0.3650555555555556,0.06463973971293327,0.269,0.506,0
Guyana,Temperature change,0.6191914893617021,0.6351305052006774,-0.75,2.011,3
Haiti,Standard Deviation,0.426045871559633,0.12555553480735576,0.248,0.6,0
Haiti,Temperature change,0.5521111111111111,0.7023358534848856,-0.994,2.186,3
Holy See,Standard Deviation,0.9201630434782608,0.24646522065563992,0.349,1.668,4
Holy See,Temperature change,0.4050842105263158,1.3146300803466717,-2.488,3.494,8
Honduras,Standard Deviation,0.48356818181818184,0.11067616585611481,0.291,0.645,0
Honduras,Temperature change,0.4458190476190476,0.4897831698617801,-0.625,1.779,3
Hungary,Standard Deviation,1.465158415841584,0.6296207228589806,0.628,3.171,2
Hungary,Temperature change,0.5521237113402062,2.0332317627862166,-4.858,6.474,9
Iceland,Standard Deviation,1.0985242718446602,0.5111351428037633,0.437,2.196,2
Iceland,Temperature change,0.28977477477477476,1.04355198228049,-1.878,3.763,8
India,Standard Deviation,0.528433962264151,0.18141491611210053,0.216,0.798,0
India,Temperature change,0.2681121495327103,0.5918087931766349,-1.413,1.866,3
Indonesia,Standard Deviation,0.23040594059405942,0.044430435113291825,0.155,0.314,0
Indonesia,Temperature change,0.3211704545454545,0.4055672690094025,-0.407,1.537,3
Iran (Islamic Republic of),Standard Deviation,1.0155909090909092,0.5592860011740485,0.396,2.125,4
Iran (Islamic Republic of),Temperature change,0.6249607843137255,1.3024149915937284,-2.916,4.648,1
Iraq,Standard Deviation,1.0614722222222222,0.37794155851280803,0.53,1.805,4
Iraq,Temperature change,0.2604591836734694,1.303764194797679,-3.404,2.693,7
Ireland,Standard Deviation,0.9336633663366336,0.30609055121737166,0.411,1.507,4
Ireland,Temperature change,0.35194444444444445,1.1948588028200882,-4.331,3.014,7
Isle of Man,Standard Deviation,0.9983255813953488,0.30094902604771756,0.438,1.558,4
Isle of Man,Temperature change,0.5038870967741935,1.1301734898813223,-4.751,3.457,7
Israel,Standard Deviation,0.9606435643564357,0.29148528553456754,0.473,1.486,4
Israel,Temperature change,0.1383578947368421,1.075446704969411,-2.458,3.2,8
Italy,Standard Deviation,0.8931727272727272,0.2553919764493309,0.323,1.811,4
Italy,Temperature change,0.6254563106796116,1.2692433578726747,-2.401,3.131,1
Jamaica,Standard Deviation,0.4259009900990099,0.08205358065928565,0.267,0.593,0
Jamaica,Temperature change,0.6244,0.6179802448126667,-0.58,1.892,3
Japan,Standard Deviation,0.7670353982300885,0.2286430831012895,0.356,1.239,4
Japan,Temperature change,0.366930693069307,0.7952331891643575,-1.653,2.064,3
Jordan,Standard Deviation,1.0654623655913977,0.3129643874427035,0.527,1.638,4
Jordan,Temperature change,0.16474157303370787,1.1787427000457453,-2.831,4.308,7
Kazakhstan,Temperature change,1.3481621621621622,2.283770353719596,-4.935,8.719,6
Kenya,Standard Deviation,0.3785963302752294,0.07318838190360329,0.253,0.533,0
Kenya,Temperature change,0.56848,0.6326305746961681,-0.567,2.307,3
Kiribati,Standard Deviation,0.2882717391304348,0.06049377467941776,0.192,0.422,0
Kiribati,Temperature change,0.2952988505747126,0.5420148911311993,-0.812,1.651,3
Kuwait,Standard Deviation,1.02705,0.36634857759111106,0.49,1.642,4
Kuwait,Temperature change,0.797712962962963,1.2409580189072489,-2.551,3.749,1
Kyrgyzstan,Temperature change,0.562037037037037,1.8650218699786272,-4.825,3.582,7
Land Locked Developing Countries,Standard Deviation,0.38715957446808513,0.12412734556936493,0.243,0.721,0
Land Locked Developing Countries,Temperature change,0.4908409090909091,0.653471329896626,-0.883,2.816,3
Lao People's Democratic Republic,Standard Deviation,0.6434623655913978,0.3328227612650347,0.275,1.233,4
Lao People's Democratic Republic,Temperature change,0.4854356435643565,0.8416475558788438,-1.232,3.394,8
Latvia,Temperature change,1.492282608695652,2.4759642221705467,-5.641,6.839,6
Least Developed Countries,Standard Deviation,0.3527857142857143,0.06957785078304465,0.249,0.487,0
Least Developed Countries,Temperature change,0.44101162790697673,0.5503197892602413,-0.664,1.718,3
Lebanon,Standard Deviation,0.8886279069767441,0.3158552552528797,0.495,1.537,4
Lebanon,Temperature change,0.2600204081632653,1.116164271060306,-2.496,3.259,8
Lesotho,Standard Deviation,0.7224444444444444,0.18512152771887114,0.326,0.986,4
Lesotho,Temperature change,0.4955809523809524,0.8325184195346483,-1.678,2.693,8
Liberia,Standard Deviation,0.35529824561403506,0.10133270618130967,0.221,0.607,0
Liberia,Temperature change,0.5075,0.5707728573076816,-0.848,1.894,3
Libya,Standard Deviation,0.8548181818181818,0.2946035857339023,0.383,1.315,4
Libya,Temperature change,0.6090283018867925,1.0897569187890102,-2.167,3.682,1
Liechtenstein,Standard Deviation,1.31408547008547,0.5279332437659789,0.469,2.814,2
Liechtenstein,Temperature change,0.49182954545454544,1.631815533731839,-4.861,4.136,7
Lithuania,Temperature change,1.1478070175438595,2.096292411093218,-3.616,6.719,9
Low Income Food Deficit Countries,Standard Deviation,0.3508229166666667,0.07166662510198714,0.245,0.53,0
Low Income Food Deficit Countries,Temperature change,0.4974081632653061,0.48025321578608954,-0.701,1.737,3
Luxembourg,Temperature change,1.60625,1.9032054793884432,-2.367,5.97,5
Madagascar,Standard Deviation,0.3919304347826087,0.06208733545171284,0.279,0.508,0
Madagascar,Temperature change,0.3321368421052632,0.5173752416278693,-1.135,1.508,3
Malawi,Standard Deviation,0.45697916666666666,0.10998401598382297,0.253,0.672,0
Malawi,Temperature change,0.4819173553719008,0.7357862641054674,-1.08,3.186,8
Malaysia,Standard Deviation,0.2736351351351351,0.08615620956867683,0.171,0.48,0
Malaysia,Temperature change,0.4005057471264368,0.49054501899852254,-0.824,1.933,3
Maldives,Standard Deviation,0.39182222222222224,0.08489379720565575,0.274,0.542,0
Maldives,Temperature change,0.4346666666666667,0.4510514247345884,-0.599,1.403,3
Mali,Standard Deviation,0.7013793103448276,0.23217211213918945,0.364,1.295,4
Mali,Temperature change,0.6468279569892473,0.8353284907572476,-1.542,2.892,8
Malta,Standard Deviation,0.8283457943925233,0.20656686535894733,0.362,1.267,4
Malta,Temperature change,0.5496875,0.9111141682523054,-2.772,2.281,8
Marshall Islands,Temperature change,0.040045454545454544,0.30076189721450364,-0.635,0.713,0
Martinique,Standard Deviation,0.3963148148148148,0.11085214941897385,0.272,0.573,0
Martinique,Temperature change,0.2503157894736842,0.5313205600332043,-0.989,1.587,3
Mauritania,Standard Deviation,0.8615168539325843,0.3271246673795353,0.379,1.342,4
Mauritania,Temperature change,0.6303404255319149,0.892423383696079,-2.052,3.129,8
Mauritius,Standard Deviation,0.40363953488372095,0.05562942784295074,0.278,0.509,0
Mauritius,Temperature change,0.35229166666666667,0.5799655691534704,-1.158,1.855,3
Mayotte,Standard Deviation,0.41495918367346935,0.06289951376852154,0.311,0.507,0
Mayotte,Temperature change,0.4377943925233645,0.5524923074392805,-0.894,1.933,3
Melanesia,Standard Deviation,0.27843243243243243,0.05295955579653784,0.173,0.371,0
Melanesia,Temperature change,0.2937747747747748,0.41109168817330277,-0.538,1.701,3
Mexico,Standard Deviation,0.5233925233644859,0.1576667585004061,0.233,0.817,0
Mexico,Temperature change,0.34092307692307694,0.681910347612303,-1.391,1.986,3
Micronesia,Standard Deviation,0.20824096385542168,0.03785646523429338,0.155,0.299,0
Micronesia,Temperature change,0.24148214285714284,0.3812695006300428,-0.613,1.421,3
Micronesia (Federated States of),Temperature change,0.2240508474576271,0.34300977284402673,-0.567,1.148,3
Middle Africa,Standard Deviation,0.32190625,0.07238989143229149,0.211,0.506,0
Middle Africa,Temperature change,0.4491428571428571,0.48254063447291745,-0.529,1.764,3
Midway Island,Standard Deviation,0.7655,0.21428883987868272,0.37,1.09,4
Midway Island,Temperature change,-0.14315789473684212,0.5572105390203255,-1.46,0.721,3
Monaco,Standard Deviation,0.9683655913978494,0.3308960754016622,0.335,1.893,4
Monaco,Temperature change,0.5993999999999999,1.1952589956434825,-2.862,3.779,1
Mongolia,Standard Deviation,1.3044673913043479,0.6702256377656668,0.462,3.021,2
Mongolia,Temperature change,0.8337272727272727,1.6732242240881035,-4.662,4.957,9
Montenegro,Temperature change,1.5098620689655173,1.6867172623628153,-3.233,5.301,5
Montserrat,Standard Deviation,0.38779411764705884,0.10035938769108049,0.248,0.58,0
Montserrat,Temperature change,0.2836372549019608,0.48805667965793326,-0.748,2.315,3
Morocco,Standard Deviation,0.9571346153846154,0.2882064072137778,0.476,1.412,4
Morocco,Temperature change,0.7390294117647059,1.157358245331701,-1.689,3.934,1
Mozambique,Standard Deviation,0.47435643564356433,0.11369736884892417,0.252,0.698,0
Mozambique,Temperature change,0.29083,0.5645283014440581,-1.461,1.776,3
Myanmar,Standard Deviation,0.4259464285714286,0.15515478114855535,0.204,0.735,0
Myanmar,Temperature change,0.39295698924731187,0.649000316774534,-1.048,2.2,3
Namibia,Standard Deviation,0.5608514851485149,0.1132874561580949,0.303,0.765,0
Namibia,Temperature change,0.3563888888888889,0.7319960271754369,-1.458,2.477,3
Nauru,Temperature change,-0.08325,0.3914317143986125,-0.967,0.915,3
Nepal,Standard Deviation,0.5921290322580645,0.22300941809934796,0.263,0.956,0
Nepal,Temperature change,0.23896842105263155,0.8342187765072586,-2.037,4.122,8
Net Food Importing Developing Countries,Standard Deviation,0.31142056074766356,0.06778601700623357,0.221,0.499,0
Net Food Importing Developing Countries,Temperature change,0.444704,0.5890142807842116,-0.828,1.701,3
Netherlands,Standard Deviation,1.3758613861386138,0.5429712336708632,0.617,2.75,2
Netherlands,Temperature change,0.6617254901960784,1.4516401727787107,-3.082,3.97,1
Netherlands Antilles (former),Standard Deviation,0.4333904761904762,0.08239637959257293,0.313,0.548,0
Netherlands Antilles (former),Temperature change,0.4290566037735849,0.5321187269986292,-0.531,1.861,3
New Caledonia,Standard Deviation,0.5714672897196261,0.10241428240581628,0.322,0.701,0
New Caledonia,Temperature change,0.25247619047619047,0.6864985306617433,-1.176,3.119,8
New Zealand,Standard Deviation,0.6985106382978723,0.15770796099397938,0.377,0.937,4
New Zealand,Temperature change,0.2535420560747664,0.7048917658169142,-1.449,2.341,3
Nicaragua,Standard Deviation,0.49241071428571426,0.08435473718749702,0.321,0.639,0
Nicaragua,Temperature change,0.5056868686868687,0.4786255331135794,-1.026,1.741,3
Niger,Standard Deviation,0.8032385321100917,0.3176182456708219,0.348,1.346,4
Niger,Temperature change,0.3436494845360825,1.0957795079420736,-2.405,3.001,8
Nigeria,Standard Deviation,0.5164571428571428,0.17717858377764098,0.286,0.857,0
Nigeria,Temperature change,0.7253584905660377,0.7248077339632478,-1.652,2.757,8
Niue,Standard Deviation,0.5328867924528302,0.12899458253045398,0.289,0.757,0
Niue,Temperature change,0.08234090909090909,0.6266424351600682,-1.073,1.196,3
Non-Annex I countries,Standard Deviation,0.277752688172043,0.07974356399189823,0.179,0.493,0
Non-Annex I countries,Temperature change,0.4161851851851852,0.49661651743165636,-0.557,1.523,3
Norfolk Island,Standard Deviation,0.5531237113402062,0.13294800500978746,0.298,0.788,0
Norfolk Island,Temperature change,0.14811827956989249,0.5997814973417651,-1.322,1.943,3
North Macedonia,Temperature change,0.8837073170731707,1.2067015215848207,-1.428,3.827,1
Northern Africa,Standard Deviation,0.4738282828282828,0.17215998968709906,0.257,0.804,0
Northern Africa,Temperature change,0.5482812499999999,0.8896030777010966,-1.427,3.007,8
Northern America,Standard Deviation,0.7445638297872341,0.3563614680095888,0.306,1.621,4
Northern America,Temperature change,0.5076324786324786,1.0110983750894165,-1.604,3.518,8
Northern Europe,Standard Deviation,1.222659793814433,0.6019946858603686,0.653,2.643,2
Northern Europe,Temperature change,0.6297176470588235,1.6918253358271884,-4.872,5.296,9
Norway,Standard Deviation,1.4813716814159292,0.5264957976139822,0.735,2.485,2
Norway,Temperature change,0.3469904761904762,1.629155458979839,-5.055,4.743,7
OECD,Standard Deviation,0.44828828828828826,0.17349060165204588,0.247,0.93,0
OECD,Temperature change,0.5834757281553398,0.745750718544088,-1.322,2.652,8
Oceania,Standard Deviation,0.5420652173913043,0.13356907949318034,0.31,0.771,0
Oceania,Temperature change,0.4242371134020618,0.693334406647745,-1.085,2.243,3
Oman,Standard Deviation,0.7161414141414141,0.2370498531094341,0.348,1.163,4
Oman,Temperature change,0.2866627906976744,0.8483350283032276,-2.633,3.194,8
Pacific Islands Trust Territory,Standard Deviation,0.20811363636363636,0.03607693066218673,0.158,0.31,0
Pacific Islands Trust Territory,Temperature change,-0.006816326530612246,0.20785007351748633,-0.369,0.7,0
Pakistan,Standard Deviation,0.816342857142857,0.3700547212282215,0.366,1.586,4
Pakistan,Temperature change,0.10769607843137256,1.0355919892038954,-4.508,3.026,7
Palau,Temperature change,0.49554347826086953,0.32085183195305716,-0.032,1.367,0
Palestine,Standard Deviation,0.9566290322580645,0.2998997520240665,0.472,1.491,4
Palestine,Temperature change,0.26629166666666665,1.069949186365179,-2.926,2.609,8
Panama,Temperature change,0.3270098039215686,0.5741555571997256,-0.746,1.617,3
Papua New Guinea,Standard Deviation,0.26112621359223304,0.053039696493758434,0.174,0.345,0
Papua New Guinea,Temperature change,0.4096396396396396,0.46580627640864514,-0.584,1.903,3
Paraguay,Standard Deviation,1.0357959183673469,0.4857320749579569,0.458,2.058,4
Paraguay,Temperature change,0.23278160919540233,1.1930252382882474,-3.363,3.595,7
Peru,Standard Deviation,0.4400350877192983,0.08545390827441868,0.314,0.573,0
Peru,Temperature change,0.4719145299145299,0.5424391364658531,-0.76,1.74,3
Philippines,Standard Deviation,0.2900392156862745,0.08523815461023873,0.163,0.452,0
Philippines,Temperature change,0.4292527472527472,0.48029288734194014,-0.564,1.611,3
Pitcairn Islands,Standard Deviation,0.6900821917808219,0.13318364028503585,0.436,0.905,4
Pitcairn Islands,Temperature change,-0.08942268041237113,0.6145557818974402,-2.071,1.581,3
Poland,Standard Deviation,1.5411630434782608,0.7094859348894944,0.708,3.375,2
Poland,Temperature change,0.7007663551401869,1.88066301325447,-6.784,5.162,9
Polynesia,Standard Deviation,0.2906138613861386,0.0810473898774081,0.162,0.43,0
Polynesia,Temperature change,0.30774489795918364,0.45318297688760456,-0.603,1.476,3
Portugal,Standard Deviation,1.027991304347826,0.2780718225930372,0.443,1.411,4
Portugal,Temperature change,0.689808988764045,1.2569756893252337,-2.268,4.131,1
Puerto Rico,Standard Deviation,0.37277884615384616,0.09885126188043704,0.227,0.548,0
Puerto Rico,Temperature change,0.24200917431192662,0.4931845777118648,-1.314,1.859,3
Qatar,Standard Deviation,0.8405145631067961,0.29732479975700404,0.399,1.316,4
Qatar,Temperature change,0.775116504854369,0.961037687748997,-1.719,3.414,1
Republic of Korea,Standard Deviation,1.0732571428571427,0.41942637174918007,0.504,1.788,4
Republic of Korea,Temperature change,0.3690102040816326,1.1288808571259967,-2.774,3.254,8
Republic of Moldova,Temperature change,0.8747400000000001,1.7532845888183,-5.081,4.335,9
Romania,Standard Deviation,1.4618859649122806,0.6200422731630785,0.633,3.065,2
Romania,Temperature change,0.3812222222222222,1.6096054391626324,-5.637,4.379,7
Russian Federation,Temperature change,1.380219512195122,1.1833241633676532,-1.737,3.665,5
Rwanda,Standard Deviation,0.35511111111111116,0.05970220831444414,0.241,0.481,0
Rwanda,Temperature change,0.3165806451612903,0.5481728681627183,-1.41,1.711,3
Réunion,Standard Deviation,0.48641666666666666,0.08358189236266246,0.312,0.628,0
Réunion,Temperature change,0.5184621848739496,0.6129128534553501,-1.029,2.151,3
"Saint Helena, Ascension and Tristan da Cunha",Standard Deviation,0.3938333333333333,0.0667077943314078,0.228,0.501,0
"Saint Helena, Ascension and Tristan da Cunha",Temperature change,0.7166043956043956,0.8385585367379066,-1.398,2.825,8
Saint Kitts and Nevis,Standard Deviation,0.37666326530612243,0.10365395878948865,0.248,0.58,0
Saint Kitts and Nevis,Temperature change,0.21177477477477474,0.4869872629412337,-1.012,1.59,3
Saint Lucia,Standard Deviation,0.36996396396396397,0.0892111823329063,0.272,0.568,0
Saint Lucia,Temperature change,0.3612079207920792,0.5346661447451424,-0.716,1.895,3
Saint Pierre and Miquelon,Standard Deviation,1.1706415094339624,0.4900338411769664,0.684,2.431,2
Saint Pierre and Miquelon,Temperature change,0.14418867924528303,1.2808889778528447,-2.594,4.704,7
Saint Vincent and the Grenadines,Standard Deviation,0.40338541666666666,0.09249152106705912,0.287,0.584,0
Saint Vincent and the Grenadines,Temperature change,0.4169876543209877,0.5812174398154953,-0.583,2.342,3
Samoa,Standard Deviation,0.3390916666666667,0.08530459471535998,0.172,0.504,0
Samoa,Temperature change,0.4024893617021277,0.5739623783085148,-1.092,1.714,3
San Marino,Standard Deviation,1.1186666666666667,0.4671844679597169,0.364,2.228,2
San Marino,Temperature change,0.6770842105263158,1.3702847790922403,-3.223,4.12,1
Sao Tome and Principe,Standard Deviation,0.30761052631578945,0.09095092138501883,0.2,0.537,0
Sao Tome and Principe,Temperature change,0.40075555555555553,0.571521236565356,-0.702,1.795,3
Saudi Arabia,Standard Deviation,0.7887383177570093,0.26494276122484506,0.409,1.336,4
Saudi Arabia,Temperature change,0.6481810344827585,0.9667277805691412,-1.975,3.042,8
Senegal,Standard Deviation,0.6008488372093024,0.1485768976928909,0.407,0.953,0
Senegal,Temperature change,0.8446516853932585,0.6209136980934481,-1.047,2.425,4
Serbia,Temperature change,1.747344827586207,1.5332595129299373,-2.284,5.402,5
Serbia and Montenegro,Temperature change,0.5196999999999999,1.3487208793988161,-3.333,2.32,7
Seychelles,Standard Deviation,0.34827551020408165,0.036393547805922355,0.26,0.415,0
Seychelles,Temperature change,0.41124271844660193,0.5217432969968708,-0.876,1.433,3
Sierra Leone,Standard Deviation,0.35185365853658535,0.10081386367909252,0.234,0.608,0
Sierra Leone,Temperature change,0.6434,0.5888208900050415,-0.552,2.005,3
Singapore,Standard Deviation,0.35433333333333333,0.06166406686926464,0.212,0.483,0
Singapore,Temperature change,0.18516981132075472,0.40706221107651613,-0.492,1.693,3
Slovakia,Temperature change,1.3375192307692307,1.4218024667740898,-2.784,3.642,5
Slovenia,Temperature change,1.4397659574468085,1.0058631208799464,-0.614,3.767,2
Small Island Developing States,Standard Deviation,0.24469444444444444,0.049014485429630536,0.142,0.337,0
Small Island Developing States,Temperature change,0.42306481481481484,0.4545493048351671,-0.335,1.53,3
Solomon Islands,Standard Deviation,0.29283146067415733,0.06605958673030395,0.18,0.397,0
Solomon Islands,Temperature change,0.42308045977011494,0.5734651145771602,-0.524,2.027,3
Somalia,Standard Deviation,0.4399368421052632,0.1081157585425953,0.222,0.657,0
Somalia,Temperature change,0.6585826086956521,0.8052051060771932,-1.535,3.828,8
South Africa,Standard Deviation,0.5778510638297872,0.14808388769395212,0.279,0.788,0
South Africa,Temperature change,0.3503529411764706,0.7061260461115982,-1.27,2.053,3
South America,Standard Deviation,0.3449537037037037,0.09084724616457608,0.2,0.564,0
South America,Temperature change,0.4533853211009174,0.5177900137131396,-0.544,1.853,3
South Georgia and the South Sandwich Islands,Standard Deviation,0.9469759036144578,0.3094379632023515,0.35,1.56,4
South Georgia and the South Sandwich Islands,Temperature change,0.1181875,1.1250502520940309,-2.534,3.198,8
South Sudan,Temperature change,1.3391250000000001,0.5690596775968814,0.438,2.393,2
South-Eastern Asia,Standard Deviation,0.29530208333333335,0.12005455950846655,0.143,0.567,0
South-Eastern Asia,Temperature change,0.28206086956521736,0.4273989115518761,-0.94,1.357,3
Southern Africa,Standard Deviation,0.5796483516483516,0.13524532225440256,0.285,0.852,0
Southern Africa,Temperature change,0.4377755102040816,0.7625507322059832,-1.259,2.912,8
Southern Asia,Standard Deviation,0.5594871794871794,0.29004017603347265,0.192,1.265,0
Southern Asia,Temperature change,0.35309090909090907,0.5960466046031418,-1.186,2.098,3
Southern Europe,Standard Deviation,0.7281919191919192,0.23347633174490004,0.32,1.294,4
Southern Europe,Temperature change,0.5046593406593407,1.0161577001384539,-2.169,2.867,8
Spain,Standard Deviation,0.921989898989899,0.28633876379566653,0.403,1.499,4
Spain,Temperature change,0.4261052631578947,0.9962172760709467,-1.758,3.215,8
Sri Lanka,Standard Deviation,0.31804166666666667,0.07238012473145061,0.187,0.494,0
Sri Lanka,Temperature change,0.4401913043478261,0.510886087753977,-0.821,2.107,3
Sudan,Temperature change,0.9294545454545454,0.9479481382054995,-0.227,2.435,2
Sudan (former),Standard Deviation,0.6046704545454545,0.25947434580036366,0.286,1.139,0
Sudan (former),Temperature change,0.3864827586206897,0.84777059015779,-2.595,2.683,8
Suriname,Standard Deviation,0.38212037037037033,0.06340416531507058,0.236,0.5,0
Suriname,Temperature change,0.6214864864864865,0.725235433432919,-1.13,2.35,3
Svalbard and Jan Mayen Islands,Standard Deviation,2.1748979591836735,1.3507768630718493,0.585,4.373,5
Svalbard and Jan Mayen Islands,Temperature change,0.7871634615384616,2.7324494474243526,-7.321,9.223,6
Sweden,Standard Deviation,1.7135789473684209,0.7656401240478922,0.792,3.178,2
Sweden,Temperature change,0.8976666666666667,1.9314244170528339,-4.793,6.4,9
Switzerland,Standard Deviation,1.2685652173913042,0.48313281618805737,0.459,2.724,2
Switzerland,Temperature change,0.6553829787234042,1.3949205404308025,-4.636,4.768,9
Syrian Arab Republic,Standard Deviation,1.0240782608695653,0.35109553225422657,0.557,1.819,4
Syrian Arab Republic,Temperature change,0.48403124999999997,1.2882318151402232,-2.331,3.816,1
Tajikistan,Temperature change,0.9358958333333334,1.4805929122811456,-2.152,5.608,1
Thailand,Standard Deviation,0.5156770833333333,0.2593818763620306,0.187,1.063,0
Thailand,Temperature change,0.43218446601941746,0.6870376127439873,-1.333,2.194,3
Timor-Leste,Standard Deviation,0.5224799999999999,0.12459180485825636,0.356,0.862,0
Timor-Leste,Temperature change,0.26471604938271603,0.7544552543817277,-1.876,2.071,3
Togo,Standard Deviation,0.3929714285714286,0.10278370279591778,0.206,0.589,0
Togo,Temperature change,0.5518297872340425,0.5920419310618447,-0.762,2.082,3
Tokelau,Standard Deviation,0.3618227848101266,0.05771631762639172,0.198,0.434,0
Tokelau,Temperature change,0.14330645161290323,0.7242422968508938,-1.791,2.535,8
Tonga,Standard Deviation,0.4472210526315789,0.11183614333625326,0.252,0.619,0
Tonga,Temperature change,0.6253571428571428,0.6545819670189454,-0.942,1.974,3
Trinidad and Tobago,Standard Deviation,0.40729885057471266,0.12328621595772614,0.212,0.613,0
Trinidad and Tobago,Temperature change,0.4610102040816327,0.5770745720879351,-0.776,1.871,3
Tunisia,Standard Deviation,0.923896551724138,0.29029652180032484,0.371,1.59,4
Tunisia,Temperature change,0.8065399999999999,1.1960462933171006,-1.582,4.632,1
Turkey,Standard Deviation,1.317123595505618,0.56657350923666,0.535,2.329,2
Turkey,Temperature change,0.5204690265486726,1.2970786617763976,-3.169,3.65,7
Turkmenistan,Temperature change,0.7159399999999999,1.6538017600766584,-4.362,3.947,9
Turks and Caicos Islands,Standard Deviation,0.5640337078651685,0.2256394675259931,0.323,1.127,0
Turks and Caicos Islands,Temperature change,0.5961829268292683,0.7689786095380873,-1.427,2.291,8
Tuvalu,Standard Deviation,0.2954782608695652,0.06027340454292016,0.185,0.408,0
Tuvalu,Temperature change,0.23860227272727272,0.4698347114536445,-0.563,1.375,3
USSR,Standard Deviation,0.8829661016949152,0.48381283664249597,0.366,2.109,4
USSR,Temperature change,0.23604166666666668,0.8652991109543795,-1.871,2.29,8
Uganda,Standard Deviation,0.36664044943820223,0.09399712848503446,0.247,0.558,0
Uganda,Temperature change,0.4821122448979592,0.6528631766897123,-0.859,2.082,3
Ukraine,Temperature change,1.4423260869565215,1.7484606315823177,-2.889,6.081,5
United Arab Emirates,Standard Deviation,0.7609247311827958,0.28641753637406697,0.333,1.299,4
United Arab Emirates,Temperature change,0.3854020618556701,0.9679564885601544,-2.057,2.81,8
United Kingdom,Standard Deviation,0.9774299999999999,0.2679043721671272,0.444,1.576,4
United Kingdom,Temperature change,0.39332673267326734,1.06119184984536,-2.139,3.081,8
United Republic of Tanzania,Standard Deviation,0.3517142857142857,0.053183377108721355,0.25,0.454,0
United Republic of Tanzania,Temperature change,0.39948809523809525,0.6286904633058702,-0.868,1.912,3
United States Virgin Islands,Standard Deviation,0.3976929824561404,0.09945062609136401,0.238,0.56,0
United States Virgin Islands,Temperature change,0.27244117647058824,0.4667188729915718,-0.944,1.187,3
United States of America,Standard Deviation,0.6363939393939394,0.2979164318580925,0.284,1.336,4
United States of America,Temperature change,0.4484301075268817,0.9031437051362106,-3.498,2.946,8
Uruguay,Standard Deviation,0.9755434782608695,0.317828705438882,0.384,1.697,4
Uruguay,Temperature change,0.43097752808988765,1.0445795693780358,-1.796,4.783,1
Uzbekistan,Temperature change,1.4162857142857144,1.6603923762790451,-4.26,5.434,5
Vanuatu,Standard Deviation,0.3545357142857143,0.09347957608713867,0.218,0.548,0
Vanuatu,Temperature change,0.3950842105263158,0.5659325887071766,-0.95,1.902,3
Venezuela (Bolivarian Republic of),Standard Deviation,0.3974421052631579,0.09397110418129945,0.281,0.581,0
Venezuela (Bolivarian Republic of),Temperature change,0.4192386363636364,0.5351604334445474,-1.062,1.531,3
Viet Nam,Standard Deviation,0.5664774774774775,0.3001140040005054,0.2,1.042,0
Viet Nam,Temperature change,0.422,0.7710625234663787,-1.518,2.34,8
Wake Island,Temperature change,0.3341486486486486,0.7948717081362304,-1.778,3.53,8
Wallis and Futuna Islands,Standard Deviation,0.36475961538461543,0.08984101331595189,0.171,0.518,0
Wallis and Futuna Islands,Temperature change,0.4327096774193548,0.5714015678602533,-0.647,2.149,3
Western Africa,Standard Deviation,0.5184678899082569,0.14777601724978912,0.336,0.915,0
Western Africa,Temperature change,0.613644859813084,0.6570264670056837,-1.024,2.468,3
Western Asia,Standard Deviation,0.7151340206185567,0.26119890365015175,0.406,1.261,4
Western Asia,Temperature change,0.3307395833333333,0.9892748992095883,-3.157,2.571,8
Western Europe,Standard Deviation,1.244635294117647,0.4471680425335706,0.481,2.145,2
Western Europe,Temperature change,0.4746796116504854,1.5905702838031064,-4.188,5.039,9
Western Sahara,Standard Deviation,1.02842,0.2684291822037721,0.479,1.663,4
Western Sahara,Temperature change,0.8756262626262626,1.147929445548069,-2.298,3.193,1
World,Standard Deviation,0.29459813084112146,0.11735005364639975,0.178,0.58,0
World,Temperature change,0.4508541666666666,0.5663681521518755,-0.46,2.046,3
Yemen,Standard Deviation,0.4727,0.08427197224535837,0.308,0.658,0
Yemen,Temperature change,0.18578787878787878,0.5975527660035624,-1.08,1.637,3
Yugoslav SFR,Standard Deviation,1.3447692307692307,0.5418393733254083,0.499,2.753,2
Yugoslav SFR,Temperature change,-0.11284745762711863,1.4633153526008047,-4.805,2.751,7
Zambia,Standard Deviation,0.49564814814814817,0.12767916236101914,0.264,0.695,0
Zambia,Temperature change,0.4351428571428571,0.6901127190492616,-1.584,2.055,3
Zimbabwe,Standard Deviation,0.6526206896551724,0.17684346260078465,0.313,0.92,0
Zimbabwe,Temperature change,0.3343152173913044,0.7491643832781159,-1.055,2.334,3
